{
  "users": [
    {
      "id": 100,
      "lname": "tallapaneni",
      "fname": "sindhu",
      "uname": "Sindhura",
      "email": "sindhura200698@gmail.com",
      "rpwd": "12345",
      "repwd": "12345",
      "otp": 1666,
      "phone": 35476587
    },
    {
      "id": 22,
      "lname": "sangoju",
      "fname": "jagadeeswari",
      "uname": "jagaa",
      "email": "jaga@gmail.com",
      "rpwd": "12345",
      "repwd": "12345",
      "otp": 1234,
      "phone": 532786473
    },
    {
      "id": 123,
      "lname": "shawol",
      "fname": "PreethiKolla",
      "uname": "preethi_shawol",
      "email": "preethi@gmail.com",
      "rpwd": "45173",
      "repwd": "45173",
      "otp": 5463,
      "phone": 64387805
    }
  ]
}